/media/admin/E380-1E91/Deepfake/End_To_End/deepfakes_may24//toma/dagan/webcam/p2_df.mp4,Too short. Empty. 
/media/admin/E380-1E91/Deepfake/End_To_End/deepfakes_may24//kahlil/dagan/canon/p2_df.mp4,Max hop exceeded. 
/media/admin/E380-1E91/Deepfake/End_To_End/deepfakes_may24//honglin/dagan/webcam/p1_df.mp4,Max hop exceeded. 
/media/admin/E380-1E91/Deepfake/End_To_End/deepfakes_may24//saeyoung/dagan/webcam/p2_df.mp4,Too short. Empty. 
/media/admin/E380-1E91/Deepfake/End_To_End/deepfakes_may24//naz/dagan/iphone/p1_df.mp4,Max hop exceeded. 
/media/admin/E380-1E91/Deepfake/End_To_End/deepfakes_may24//honglin/dagan/webcam/p2_df.mp4,Too short. Empty. 
/media/admin/E380-1E91/Deepfake/End_To_End/deepfakes_may24//saeyoung/dagan/webcam/p3_df.mp4,Too short. Empty. 
/media/admin/E380-1E91/Deepfake/End_To_End/deepfakes_may24//kahlil/dagan/webcam/p6_df.mp4,Too short. Empty. 
/media/admin/E380-1E91/Deepfake/End_To_End/deepfakes_may24//qijia/dagan/webcam/p4_df.mp4,Max hop exceeded. 
/media/admin/E380-1E91/Deepfake/End_To_End/deepfakes_may24//phyllis/dagan/webcam/p1_df.mp4,Max hop exceeded. Too short. 
/media/admin/E380-1E91/Deepfake/End_To_End/deepfakes_may24//toma/dagan/webcam/p5_df.mp4,Too short. Empty. 
/media/admin/E380-1E91/Deepfake/End_To_End/deepfakes_may24//kahlil/dagan/canon/p3_df.mp4,Too short. Empty. 
/media/admin/E380-1E91/Deepfake/End_To_End/deepfakes_may24//kahlil/dagan/canon/p5_df.mp4,Max hop exceeded. 
/media/admin/E380-1E91/Deepfake/End_To_End/deepfakes_may24//qijia/dagan/webcam/p3_df.mp4,Max hop exceeded. 
/media/admin/E380-1E91/Deepfake/End_To_End/deepfakes_may24//honglin/dagan/webcam/p6_df.mp4,Too short. Empty. 
/media/admin/E380-1E91/Deepfake/End_To_End/deepfakes_may24//naz/dagan/iphone/p4_df.mp4,Max hop exceeded. 
/media/admin/E380-1E91/Deepfake/End_To_End/deepfakes_may24//toma/dagan/webcam/p6_df.mp4,Too short. Empty. 
/media/admin/E380-1E91/Deepfake/End_To_End/deepfakes_may24//kahlil/dagan/webcam/p1_df.mp4,Too short. Empty. 
/media/admin/E380-1E91/Deepfake/End_To_End/deepfakes_may24//honglin/dagan/webcam/p5_df.mp4,Too short. Empty. 
/media/admin/E380-1E91/Deepfake/End_To_End/deepfakes_may24//charlie/dagan/iphone/p1_df.mp4,Too short. Empty. 
/media/admin/E380-1E91/Deepfake/End_To_End/deepfakes_may24//toma/dagan/webcam/p1_df.mp4,Too short. Empty. 
/media/admin/E380-1E91/Deepfake/End_To_End/deepfakes_may24//toma/dagan/webcam/p3_df.mp4,Too short. Empty. 
/media/admin/E380-1E91/Deepfake/End_To_End/deepfakes_may24//qijia/dagan/webcam/p5_df.mp4,Max hop exceeded. 
/media/admin/E380-1E91/Deepfake/End_To_End/deepfakes_may24//phyllis/dagan/webcam/p3_df.mp4,Too short. 
/media/admin/E380-1E91/Deepfake/End_To_End/deepfakes_may24//honglin/dagan/webcam/p4_df.mp4,Too short. Empty. 
/media/admin/E380-1E91/Deepfake/End_To_End/deepfakes_may24//kahlil/dagan/webcam/p4_df.mp4,Too short. Empty. 
/media/admin/E380-1E91/Deepfake/End_To_End/deepfakes_may24//kahlil/dagan/webcam/p5_df.mp4,Too short. Empty. 
/media/admin/E380-1E91/Deepfake/End_To_End/deepfakes_may24//phyllis/dagan/webcam/p6_df.mp4,Too short. Empty. 
/media/admin/E380-1E91/Deepfake/End_To_End/deepfakes_may24//saeyoung/dagan/webcam/p5_df.mp4,Too short. Empty. 
/media/admin/E380-1E91/Deepfake/End_To_End/deepfakes_may24//saeyoung/dagan/webcam/p4_df.mp4,Too short. Empty. 
/media/admin/E380-1E91/Deepfake/End_To_End/deepfakes_may24//saeyoung/dagan/webcam/p6_df.mp4,Too short. Empty. 
/media/admin/E380-1E91/Deepfake/End_To_End/deepfakes_may24//kahlil/dagan/webcam/p2_df.mp4,Too short. Empty. 
/media/admin/E380-1E91/Deepfake/End_To_End/deepfakes_may24//phyllis/dagan/webcam/p2_df.mp4,Max hop exceeded. 
/media/admin/E380-1E91/Deepfake/End_To_End/deepfakes_may24//phyllis/dagan/webcam/p4_df.mp4,Max hop exceeded. 
/media/admin/E380-1E91/Deepfake/End_To_End/deepfakes_may24//kahlil/dagan/canon/p4_df.mp4,Max hop exceeded. 
/media/admin/E380-1E91/Deepfake/End_To_End/deepfakes_may24//qijia/dagan/webcam/p6_df.mp4,Too short. Empty. 
/media/admin/E380-1E91/Deepfake/End_To_End/deepfakes_may24//kahlil/dagan/webcam/p3_df.mp4,Too short. Empty. 
/media/admin/E380-1E91/Deepfake/End_To_End/deepfakes_may24//honglin/dagan/webcam/p3_df.mp4,Too short. Empty. 
/media/admin/E380-1E91/Deepfake/End_To_End/deepfakes_may24//naz/dagan/iphone/p5_df.mp4,Max hop exceeded. 
/media/admin/E380-1E91/Deepfake/End_To_End/deepfakes_may24//phyllis/dagan/webcam/p5_df.mp4,Too short. 
/media/admin/E380-1E91/Deepfake/End_To_End/deepfakes_may24//toma/dagan/webcam/p4_df.mp4,Too short. Empty. 
