Real/Fake,ID,path
Fake,0,/home/hadleigh/deepfake_data/mod_clips/40_50/first/hadleigh_50_45_close_1_2.mp4
Fake,1,/home/hadleigh/deepfake_data/mod_clips/40_50/first/hadleigh_50_60_far_3_0.mp4
Fake,2,/home/hadleigh/deepfake_data/mod_clips/40_50/first/hadleigh_50_front_far_3_0.mp4
Fake,3,/home/hadleigh/deepfake_data/mod_clips/40_50/first/qijia_75_60_close_1_2.mp4
Fake,4,/home/hadleigh/deepfake_data/mod_clips/40_50/first/qi_50_45_close_1_1.mp4
Fake,5,/home/hadleigh/deepfake_data/mod_clips/40_50/first/colman_75_45_close_3_2.mp4
Fake,6,/home/hadleigh/deepfake_data/mod_clips/40_50/first/xiaofeng_75_front_far_0_2.mp4
Fake,7,/home/hadleigh/deepfake_data/mod_clips/40_50/first/colman_75_60_far_1_1.mp4
Fake,8,/home/hadleigh/deepfake_data/mod_clips/40_50/first/lisa_50_60_close_2_1.mp4
Fake,9,/home/hadleigh/deepfake_data/mod_clips/40_50/first/xiaofeng_75_front_close_2_1.mp4
Fake,10,/home/hadleigh/deepfake_data/mod_clips/40_50/first/xiaofeng_75_60_far_1_2.mp4
Fake,11,/home/hadleigh/deepfake_data/mod_clips/40_50/first/qijia_75_front_close_2_0.mp4
Fake,12,/home/hadleigh/deepfake_data/mod_clips/40_50/first/clementine_75_60_far_3_5.mp4
Fake,13,/home/hadleigh/deepfake_data/mod_clips/40_50/first/qi_50_45_far_3_5.mp4
Fake,14,/home/hadleigh/deepfake_data/mod_clips/40_50/first/xiaofeng_75_45_far_0_1.mp4
Fake,15,/home/hadleigh/deepfake_data/mod_clips/40_50/first/colman_75_60_far_0_0.mp4
Fake,16,/home/hadleigh/deepfake_data/mod_clips/40_50/first/charlie_75_60_close_3_0.mp4
Fake,17,/home/hadleigh/deepfake_data/mod_clips/40_50/first/lisa_50_45_far_2_1.mp4
Fake,18,/home/hadleigh/deepfake_data/mod_clips/40_50/first/qi_50_45_far_2_3.mp4
Fake,19,/home/hadleigh/deepfake_data/mod_clips/40_50/first/qijia_75_front_far_0_0.mp4
Fake,20,/home/hadleigh/deepfake_data/mod_clips/40_50/first/qijia_50_60_close_3_9.mp4
Fake,21,/home/hadleigh/deepfake_data/mod_clips/40_50/first/qi_75_45_far_1_2.mp4
Fake,22,/home/hadleigh/deepfake_data/mod_clips/40_50/first/qijia_75_60_close_3_9.mp4
Fake,23,/home/hadleigh/deepfake_data/mod_clips/40_50/first/qijia_75_45_close_3_4.mp4
Fake,24,/home/hadleigh/deepfake_data/mod_clips/40_50/first/qi_75_60_close_3_2.mp4
Fake,25,/home/hadleigh/deepfake_data/mod_clips/40_50/first/lisa_50_front_far_2_1.mp4
Fake,26,/home/hadleigh/deepfake_data/mod_clips/40_50/first/hadleigh_50_45_close_2_5.mp4
Fake,27,/home/hadleigh/deepfake_data/mod_clips/40_50/first/xiaofeng_50_60_close_1_0.mp4
Fake,28,/home/hadleigh/deepfake_data/mod_clips/40_50/first/hadleigh_50_front_far_1_0.mp4
Fake,29,/home/hadleigh/deepfake_data/mod_clips/40_50/first/colman_75_45_close_1_2.mp4
Fake,30,/home/hadleigh/deepfake_data/mod_clips/40_50/first/qijia_75_45_close_0_0.mp4
Fake,31,/home/hadleigh/deepfake_data/mod_clips/40_50/first/charlie_75_front_close_2_5.mp4
Fake,32,/home/hadleigh/deepfake_data/mod_clips/40_50/first/lisa_75_45_close_1_1.mp4
Fake,33,/home/hadleigh/deepfake_data/mod_clips/40_50/first/charlie_75_front_far_3_3.mp4
Fake,34,/home/hadleigh/deepfake_data/mod_clips/40_50/first/charlie_50_front_close_2_4.mp4
Fake,35,/home/hadleigh/deepfake_data/mod_clips/40_50/first/charlie_75_60_far_2_5.mp4
Fake,36,/home/hadleigh/deepfake_data/mod_clips/40_50/first/colman_75_45_close_2_0.mp4
Fake,37,/home/hadleigh/deepfake_data/mod_clips/40_50/first/colman_75_45_close_2_4.mp4
Fake,38,/home/hadleigh/deepfake_data/mod_clips/40_50/first/hadleigh_50_60_close_3_0.mp4
Fake,39,/home/hadleigh/deepfake_data/mod_clips/40_50/first/qi_50_45_close_1_0.mp4
Fake,40,/home/hadleigh/deepfake_data/mod_clips/40_50/first/qi_50_front_far_2_5.mp4
Fake,41,/home/hadleigh/deepfake_data/mod_clips/40_50/first/xiaofeng_75_front_close_1_2.mp4
Fake,42,/home/hadleigh/deepfake_data/mod_clips/40_50/first/clementine_75_60_far_0_1.mp4
Fake,43,/home/hadleigh/deepfake_data/mod_clips/40_50/first/hadleigh_50_45_close_1_0.mp4
Fake,44,/home/hadleigh/deepfake_data/mod_clips/40_50/first/colman_75_60_far_0_3.mp4
Fake,45,/home/hadleigh/deepfake_data/mod_clips/40_50/first/lisa_50_front_close_2_1.mp4
Fake,46,/home/hadleigh/deepfake_data/mod_clips/40_50/first/hadleigh_50_60_close_2_5.mp4
Fake,47,/home/hadleigh/deepfake_data/mod_clips/40_50/first/xiaofeng_75_front_far_2_6.mp4
Fake,48,/home/hadleigh/deepfake_data/mod_clips/40_50/first/xiaofeng_75_60_close_3_3.mp4
Fake,49,/home/hadleigh/deepfake_data/mod_clips/40_50/first/qi_75_60_far_3_2.mp4
Fake,50,/home/hadleigh/deepfake_data/mod_clips/40_50/first/qi_50_front_close_3_5.mp4
Fake,51,/home/hadleigh/deepfake_data/mod_clips/40_50/first/charlie_75_60_far_2_1.mp4
Fake,52,/home/hadleigh/deepfake_data/mod_clips/40_50/first/xiaofeng_75_front_far_3_0.mp4
Fake,53,/home/hadleigh/deepfake_data/mod_clips/40_50/first/clementine_50_45_far_3_5.mp4
Fake,54,/home/hadleigh/deepfake_data/mod_clips/40_50/first/clementine_75_45_close_3_7.mp4
Fake,55,/home/hadleigh/deepfake_data/mod_clips/40_50/first/qijia_75_front_far_1_1.mp4
Fake,56,/home/hadleigh/deepfake_data/mod_clips/40_50/first/clementine_75_60_far_0_3.mp4
Fake,57,/home/hadleigh/deepfake_data/mod_clips/40_50/first/clementine_75_45_close_2_0.mp4
Fake,58,/home/hadleigh/deepfake_data/mod_clips/40_50/first/clementine_75_45_close_3_5.mp4
Fake,59,/home/hadleigh/deepfake_data/mod_clips/40_50/first/qi_50_45_far_2_5.mp4
Fake,60,/home/hadleigh/deepfake_data/mod_clips/40_50/first/lisa_75_front_far_1_1.mp4
Fake,61,/home/hadleigh/deepfake_data/mod_clips/40_50/first/lisa_75_45_close_1_0.mp4
Fake,62,/home/hadleigh/deepfake_data/mod_clips/40_50/first/clementine_75_45_close_0_3.mp4
Fake,63,/home/hadleigh/deepfake_data/mod_clips/40_50/first/charlie_75_45_far_2_3.mp4
Fake,64,/home/hadleigh/deepfake_data/mod_clips/40_50/first/xiaofeng_75_60_close_0_2.mp4
Fake,65,/home/hadleigh/deepfake_data/mod_clips/40_50/first/qijia_75_60_far_2_6.mp4
Fake,66,/home/hadleigh/deepfake_data/mod_clips/40_50/first/xiaofeng_50_60_close_1_1.mp4
Fake,67,/home/hadleigh/deepfake_data/mod_clips/40_50/first/qi_75_front_far_1_2.mp4
Fake,68,/home/hadleigh/deepfake_data/mod_clips/40_50/first/charlie_75_60_close_3_4.mp4
Fake,69,/home/hadleigh/deepfake_data/mod_clips/40_50/first/clementine_75_45_close_1_3.mp4
Fake,70,/home/hadleigh/deepfake_data/mod_clips/40_50/first/xiaofeng_50_45_far_1_1.mp4
Fake,71,/home/hadleigh/deepfake_data/mod_clips/40_50/first/qijia_75_45_close_1_0.mp4
Fake,72,/home/hadleigh/deepfake_data/mod_clips/40_50/first/lisa_50_front_far_0_1.mp4
Fake,73,/home/hadleigh/deepfake_data/mod_clips/40_50/first/colman_75_60_close_3_5.mp4
Fake,74,/home/hadleigh/deepfake_data/mod_clips/40_50/first/charlie_75_60_close_2_1.mp4
Fake,75,/home/hadleigh/deepfake_data/mod_clips/40_50/first/qijia_75_front_close_1_0.mp4
Fake,76,/home/hadleigh/deepfake_data/mod_clips/40_50/first/qijia_75_60_far_0_0.mp4
Fake,77,/home/hadleigh/deepfake_data/mod_clips/40_50/first/qijia_75_60_far_3_5.mp4
Fake,78,/home/hadleigh/deepfake_data/mod_clips/40_50/first/xiaofeng_75_45_close_0_1.mp4
Fake,79,/home/hadleigh/deepfake_data/mod_clips/40_50/first/colman_75_60_close_2_0.mp4
Fake,80,/home/hadleigh/deepfake_data/mod_clips/40_50/first/xiaofeng_75_45_far_0_2.mp4
Fake,81,/home/hadleigh/deepfake_data/mod_clips/40_50/first/hadleigh_50_front_close_2_5.mp4
Fake,82,/home/hadleigh/deepfake_data/mod_clips/40_50/first/charlie_75_front_close_3_0.mp4
Fake,83,/home/hadleigh/deepfake_data/mod_clips/40_50/first/xiaofeng_75_front_close_0_1.mp4
Fake,84,/home/hadleigh/deepfake_data/mod_clips/40_50/first/clementine_75_front_close_0_0.mp4
Fake,85,/home/hadleigh/deepfake_data/mod_clips/40_50/first/xiaofeng_50_60_close_2_5.mp4
Fake,86,/home/hadleigh/deepfake_data/mod_clips/40_50/first/colman_75_front_far_3_1.mp4
Fake,87,/home/hadleigh/deepfake_data/mod_clips/40_50/first/clementine_75_front_far_3_7.mp4
Fake,88,/home/hadleigh/deepfake_data/mod_clips/40_50/first/lisa_75_45_far_2_4.mp4
Fake,89,/home/hadleigh/deepfake_data/mod_clips/40_50/first/lisa_75_front_close_2_4.mp4
Fake,90,/home/hadleigh/deepfake_data/mod_clips/40_50/first/qijia_75_front_close_1_3.mp4
Fake,91,/home/hadleigh/deepfake_data/mod_clips/40_50/first/xiaofeng_75_45_far_3_3.mp4
Fake,92,/home/hadleigh/deepfake_data/mod_clips/40_50/first/colman_75_60_close_1_2.mp4
Fake,93,/home/hadleigh/deepfake_data/mod_clips/40_50/first/qi_75_45_far_3_2.mp4
Fake,94,/home/hadleigh/deepfake_data/mod_clips/40_50/first/charlie_75_60_close_3_3.mp4
Fake,95,/home/hadleigh/deepfake_data/mod_clips/40_50/first/xiaofeng_75_60_close_2_6.mp4
Fake,96,/home/hadleigh/deepfake_data/mod_clips/40_50/first/charlie_75_60_close_2_5.mp4
Fake,97,/home/hadleigh/deepfake_data/mod_clips/40_50/first/xiaofeng_50_front_far_1_1.mp4
Fake,98,/home/hadleigh/deepfake_data/mod_clips/40_50/first/colman_75_60_close_3_1.mp4
Fake,99,/home/hadleigh/deepfake_data/mod_clips/40_50/first/colman_75_45_close_3_5.mp4
Fake,100,/home/hadleigh/deepfake_data/mod_clips/40_50/first/qi_50_60_close_1_0.mp4
Fake,101,/home/hadleigh/deepfake_data/mod_clips/40_50/first/colman_75_front_close_0_0.mp4
Fake,102,/home/hadleigh/deepfake_data/mod_clips/40_50/first/qijia_75_60_close_1_1.mp4
Fake,103,/home/hadleigh/deepfake_data/mod_clips/40_50/first/qijia_75_front_far_3_9.mp4
Fake,104,/home/hadleigh/deepfake_data/mod_clips/40_50/first/colman_75_front_close_2_4.mp4
Fake,105,/home/hadleigh/deepfake_data/mod_clips/40_50/first/hadleigh_75_60_far_2_6.mp4
Fake,106,/home/hadleigh/deepfake_data/mod_clips/40_50/first/hadleigh_50_45_far_1_2.mp4
Fake,107,/home/hadleigh/deepfake_data/mod_clips/40_50/first/colman_75_front_close_3_5.mp4
Fake,108,/home/hadleigh/deepfake_data/mod_clips/40_50/first/clementine_75_front_close_2_0.mp4
Fake,109,/home/hadleigh/deepfake_data/mod_clips/40_50/first/colman_75_front_far_0_3.mp4
Fake,110,/home/hadleigh/deepfake_data/mod_clips/40_50/first/xiaofeng_75_60_far_0_2.mp4
Fake,111,/home/hadleigh/deepfake_data/mod_clips/40_50/first/clementine_75_45_close_0_0.mp4
Fake,112,/home/hadleigh/deepfake_data/mod_clips/40_50/first/xiaofeng_50_45_close_1_0.mp4
Fake,113,/home/hadleigh/deepfake_data/mod_clips/40_50/first/colman_75_60_far_1_2.mp4
Fake,114,/home/hadleigh/deepfake_data/mod_clips/40_50/first/hadleigh_75_45_far_2_6.mp4
Fake,115,/home/hadleigh/deepfake_data/mod_clips/40_50/first/xiaofeng_75_60_close_3_0.mp4
Fake,116,/home/hadleigh/deepfake_data/mod_clips/40_50/first/lisa_75_60_far_1_1.mp4
Fake,117,/home/hadleigh/deepfake_data/mod_clips/40_50/first/xiaofeng_50_60_far_2_1.mp4
Fake,118,/home/hadleigh/deepfake_data/mod_clips/40_50/first/colman_50_front_far_2_7.mp4
Fake,119,/home/hadleigh/deepfake_data/mod_clips/40_50/first/lisa_50_45_close_0_1.mp4
Fake,120,/home/hadleigh/deepfake_data/mod_clips/40_50/first/xiaofeng_75_45_far_1_2.mp4
Fake,121,/home/hadleigh/deepfake_data/mod_clips/40_50/first/hadleigh_50_front_close_1_2.mp4
Fake,122,/home/hadleigh/deepfake_data/mod_clips/40_50/first/colman_75_60_far_1_3.mp4
Fake,123,/home/hadleigh/deepfake_data/mod_clips/40_50/first/lisa_75_60_close_2_6.mp4
Fake,124,/home/hadleigh/deepfake_data/mod_clips/40_50/first/charlie_75_60_far_3_3.mp4
Fake,125,/home/hadleigh/deepfake_data/mod_clips/40_50/first/charlie_50_front_far_2_4.mp4
Fake,126,/home/hadleigh/deepfake_data/mod_clips/40_50/first/xiaofeng_50_45_close_1_1.mp4
Fake,127,/home/hadleigh/deepfake_data/mod_clips/40_50/first/xiaofeng_75_45_far_2_1.mp4
Fake,128,/home/hadleigh/deepfake_data/mod_clips/40_50/first/qijia_75_45_far_1_2.mp4
Fake,129,/home/hadleigh/deepfake_data/mod_clips/40_50/first/colman_50_front_close_2_5.mp4
Fake,130,/home/hadleigh/deepfake_data/mod_clips/40_50/first/xiaofeng_50_45_close_2_5.mp4
Fake,131,/home/hadleigh/deepfake_data/mod_clips/40_50/first/xiaofeng_50_60_close_0_1.mp4
Fake,132,/home/hadleigh/deepfake_data/mod_clips/40_50/first/clementine_75_front_far_1_3.mp4
Fake,133,/home/hadleigh/deepfake_data/mod_clips/40_50/first/xiaofeng_75_45_close_2_2.mp4
Fake,134,/home/hadleigh/deepfake_data/mod_clips/40_50/first/colman_75_45_far_2_7.mp4
Fake,135,/home/hadleigh/deepfake_data/mod_clips/40_50/first/colman_75_60_close_0_0.mp4
Fake,136,/home/hadleigh/deepfake_data/mod_clips/40_50/first/charlie_50_front_close_3_1.mp4
Fake,137,/home/hadleigh/deepfake_data/mod_clips/40_50/first/xiaofeng_50_front_close_1_0.mp4
Fake,138,/home/hadleigh/deepfake_data/mod_clips/40_50/first/qi_75_front_close_1_2.mp4
Fake,139,/home/hadleigh/deepfake_data/mod_clips/40_50/first/xiaofeng_50_60_far_1_2.mp4
Fake,140,/home/hadleigh/deepfake_data/mod_clips/40_50/first/colman_75_60_far_2_0.mp4
Fake,141,/home/hadleigh/deepfake_data/mod_clips/40_50/first/clementine_75_front_far_0_0.mp4
Fake,142,/home/hadleigh/deepfake_data/mod_clips/40_50/first/colman_75_60_close_0_3.mp4
Fake,143,/home/hadleigh/deepfake_data/mod_clips/40_50/first/charlie_75_60_far_3_4.mp4
Fake,144,/home/hadleigh/deepfake_data/mod_clips/40_50/first/hadleigh_50_45_far_2_5.mp4
Fake,145,/home/hadleigh/deepfake_data/mod_clips/40_50/first/clementine_50_front_close_3_5.mp4
Fake,146,/home/hadleigh/deepfake_data/mod_clips/40_50/first/colman_75_front_close_0_3.mp4
Fake,147,/home/hadleigh/deepfake_data/mod_clips/40_50/first/colman_50_60_close_2_7.mp4
Fake,148,/home/hadleigh/deepfake_data/mod_clips/40_50/first/qijia_75_60_close_1_0.mp4
Fake,149,/home/hadleigh/deepfake_data/mod_clips/40_50/first/xiaofeng_50_45_far_1_0.mp4
Fake,150,/home/hadleigh/deepfake_data/mod_clips/40_50/first/qijia_75_60_far_3_9.mp4
Fake,151,/home/hadleigh/deepfake_data/mod_clips/40_50/first/hadleigh_50_front_far_1_2.mp4
Fake,152,/home/hadleigh/deepfake_data/mod_clips/40_50/first/xiaofeng_50_60_close_1_2.mp4
Fake,153,/home/hadleigh/deepfake_data/mod_clips/40_50/first/colman_75_45_close_1_1.mp4
Fake,154,/home/hadleigh/deepfake_data/mod_clips/40_50/first/clementine_75_45_far_3_6.mp4
Fake,155,/home/hadleigh/deepfake_data/mod_clips/40_50/first/clementine_50_45_close_3_5.mp4
Fake,156,/home/hadleigh/deepfake_data/mod_clips/40_50/first/qi_75_60_close_3_4.mp4
Fake,157,/home/hadleigh/deepfake_data/mod_clips/40_50/first/qijia_75_45_close_1_1.mp4
Fake,158,/home/hadleigh/deepfake_data/mod_clips/40_50/first/colman_75_front_far_3_5.mp4
Fake,159,/home/hadleigh/deepfake_data/mod_clips/40_50/first/clementine_75_45_far_0_0.mp4
Fake,160,/home/hadleigh/deepfake_data/mod_clips/40_50/first/qi_75_45_close_1_2.mp4
Fake,161,/home/hadleigh/deepfake_data/mod_clips/40_50/first/charlie_75_front_far_1_0.mp4
Fake,162,/home/hadleigh/deepfake_data/mod_clips/40_50/first/qijia_75_45_close_3_0.mp4
Fake,163,/home/hadleigh/deepfake_data/mod_clips/40_50/first/qi_75_45_close_2_5.mp4
Fake,164,/home/hadleigh/deepfake_data/mod_clips/40_50/first/xiaofeng_75_front_close_3_0.mp4
Fake,165,/home/hadleigh/deepfake_data/mod_clips/40_50/first/lisa_50_60_far_0_1.mp4
Fake,166,/home/hadleigh/deepfake_data/mod_clips/40_50/first/xiaofeng_50_front_far_3_0.mp4
Fake,167,/home/hadleigh/deepfake_data/mod_clips/40_50/first/charlie_50_60_far_2_4.mp4
Fake,168,/home/hadleigh/deepfake_data/mod_clips/40_50/first/charlie_75_45_close_3_0.mp4
Fake,169,/home/hadleigh/deepfake_data/mod_clips/40_50/first/colman_75_45_far_2_0.mp4
Fake,170,/home/hadleigh/deepfake_data/mod_clips/40_50/first/hadleigh_50_60_close_1_0.mp4
Fake,171,/home/hadleigh/deepfake_data/mod_clips/40_50/first/clementine_75_60_far_0_0.mp4
Fake,172,/home/hadleigh/deepfake_data/mod_clips/40_50/first/qijia_75_45_far_2_0.mp4
Fake,173,/home/hadleigh/deepfake_data/mod_clips/40_50/first/colman_75_60_close_3_2.mp4
Fake,174,/home/hadleigh/deepfake_data/mod_clips/40_50/first/qijia_75_60_close_2_6.mp4
Fake,175,/home/hadleigh/deepfake_data/mod_clips/40_50/first/xiaofeng_50_45_close_1_2.mp4
Fake,176,/home/hadleigh/deepfake_data/mod_clips/40_50/first/clementine_75_60_close_2_1.mp4
Fake,177,/home/hadleigh/deepfake_data/mod_clips/40_50/first/clementine_75_front_far_3_5.mp4
Fake,178,/home/hadleigh/deepfake_data/mod_clips/40_50/first/charlie_50_front_close_1_2.mp4
Fake,179,/home/hadleigh/deepfake_data/mod_clips/40_50/first/charlie_50_60_far_1_2.mp4
Fake,180,/home/hadleigh/deepfake_data/mod_clips/40_50/first/qijia_50_front_far_3_9.mp4
Fake,181,/home/hadleigh/deepfake_data/mod_clips/40_50/first/xiaofeng_50_front_close_2_5.mp4
Fake,182,/home/hadleigh/deepfake_data/mod_clips/40_50/first/colman_50_60_far_2_7.mp4
Fake,183,/home/hadleigh/deepfake_data/mod_clips/40_50/first/colman_75_45_far_1_2.mp4
Fake,184,/home/hadleigh/deepfake_data/mod_clips/40_50/first/colman_75_60_far_3_1.mp4
Fake,185,/home/hadleigh/deepfake_data/mod_clips/40_50/first/colman_75_front_close_3_1.mp4
Fake,186,/home/hadleigh/deepfake_data/mod_clips/40_50/first/xiaofeng_75_front_far_2_1.mp4
Fake,187,/home/hadleigh/deepfake_data/mod_clips/40_50/first/colman_75_60_far_2_7.mp4
Fake,188,/home/hadleigh/deepfake_data/mod_clips/40_50/first/qi_50_60_close_2_3.mp4
Fake,189,/home/hadleigh/deepfake_data/mod_clips/40_50/first/colman_75_front_far_1_2.mp4
Fake,190,/home/hadleigh/deepfake_data/mod_clips/40_50/first/qi_50_45_close_2_3.mp4
Fake,191,/home/hadleigh/deepfake_data/mod_clips/40_50/first/xiaofeng_75_60_far_3_3.mp4
Fake,192,/home/hadleigh/deepfake_data/mod_clips/40_50/first/charlie_75_45_far_1_0.mp4
Fake,193,/home/hadleigh/deepfake_data/mod_clips/40_50/first/qijia_75_front_close_3_4.mp4
Fake,194,/home/hadleigh/deepfake_data/mod_clips/40_50/first/qijia_50_45_far_3_8.mp4
Fake,195,/home/hadleigh/deepfake_data/mod_clips/40_50/first/clementine_75_45_far_0_1.mp4
Fake,196,/home/hadleigh/deepfake_data/mod_clips/40_50/first/clementine_75_60_close_3_6.mp4
Fake,197,/home/hadleigh/deepfake_data/mod_clips/40_50/first/xiaofeng_75_front_far_1_2.mp4
Fake,198,/home/hadleigh/deepfake_data/mod_clips/40_50/first/hadleigh_75_front_far_2_6.mp4
Fake,199,/home/hadleigh/deepfake_data/mod_clips/40_50/first/qijia_75_60_close_3_5.mp4
Fake,200,/home/hadleigh/deepfake_data/mod_clips/40_50/first/qi_50_front_far_1_1.mp4
Fake,201,/home/hadleigh/deepfake_data/mod_clips/40_50/first/xiaofeng_50_front_far_0_1.mp4
Fake,202,/home/hadleigh/deepfake_data/mod_clips/40_50/first/xiaofeng_75_60_close_1_2.mp4
Fake,203,/home/hadleigh/deepfake_data/mod_clips/40_50/first/qijia_75_45_far_3_5.mp4
Fake,204,/home/hadleigh/deepfake_data/mod_clips/40_50/first/clementine_75_front_close_2_1.mp4
Fake,205,/home/hadleigh/deepfake_data/mod_clips/40_50/first/charlie_75_45_close_1_0.mp4
Fake,206,/home/hadleigh/deepfake_data/mod_clips/40_50/first/colman_75_front_far_1_1.mp4
Fake,207,/home/hadleigh/deepfake_data/mod_clips/40_50/first/hadleigh_50_60_far_1_2.mp4
Fake,208,/home/hadleigh/deepfake_data/mod_clips/40_50/first/lisa_50_60_far_2_1.mp4
Fake,209,/home/hadleigh/deepfake_data/mod_clips/40_50/first/qijia_75_60_close_0_0.mp4
Fake,210,/home/hadleigh/deepfake_data/mod_clips/40_50/first/qi_75_60_far_1_2.mp4
Fake,211,/home/hadleigh/deepfake_data/mod_clips/40_50/first/hadleigh_75_45_close_2_6.mp4
Fake,212,/home/hadleigh/deepfake_data/mod_clips/40_50/first/qijia_75_60_far_1_2.mp4
Fake,213,/home/hadleigh/deepfake_data/mod_clips/40_50/first/xiaofeng_75_45_close_2_6.mp4
Fake,214,/home/hadleigh/deepfake_data/mod_clips/40_50/first/charlie_75_front_close_3_4.mp4
Fake,215,/home/hadleigh/deepfake_data/mod_clips/40_50/first/qijia_75_45_close_3_9.mp4
Fake,216,/home/hadleigh/deepfake_data/mod_clips/40_50/first/qi_50_60_far_2_5.mp4
Fake,217,/home/hadleigh/deepfake_data/mod_clips/40_50/first/qijia_75_front_far_1_0.mp4
Fake,218,/home/hadleigh/deepfake_data/mod_clips/40_50/first/clementine_75_front_far_0_3.mp4
Fake,219,/home/hadleigh/deepfake_data/mod_clips/40_50/first/qijia_75_front_close_0_0.mp4
Fake,220,/home/hadleigh/deepfake_data/mod_clips/40_50/first/clementine_75_front_close_3_5.mp4
Fake,221,/home/hadleigh/deepfake_data/mod_clips/40_50/first/lisa_75_45_far_1_1.mp4
Fake,222,/home/hadleigh/deepfake_data/mod_clips/40_50/first/colman_75_front_far_0_0.mp4
Fake,223,/home/hadleigh/deepfake_data/mod_clips/40_50/first/qi_75_45_close_3_2.mp4
Fake,224,/home/hadleigh/deepfake_data/mod_clips/40_50/first/lisa_75_60_far_2_6.mp4
Fake,225,/home/hadleigh/deepfake_data/mod_clips/40_50/first/lisa_75_front_far_2_4.mp4
Fake,226,/home/hadleigh/deepfake_data/mod_clips/40_50/first/charlie_75_45_far_3_4.mp4
Fake,227,/home/hadleigh/deepfake_data/mod_clips/40_50/first/charlie_75_60_far_2_3.mp4
Fake,228,/home/hadleigh/deepfake_data/mod_clips/40_50/first/xiaofeng_50_front_far_1_2.mp4
Fake,229,/home/hadleigh/deepfake_data/mod_clips/40_50/first/xiaofeng_75_60_close_0_1.mp4
Fake,230,/home/hadleigh/deepfake_data/mod_clips/40_50/first/charlie_75_front_far_2_3.mp4
Fake,231,/home/hadleigh/deepfake_data/mod_clips/40_50/first/colman_50_front_far_2_5.mp4
Fake,232,/home/hadleigh/deepfake_data/mod_clips/40_50/first/colman_75_45_close_2_7.mp4
Fake,233,/home/hadleigh/deepfake_data/mod_clips/40_50/first/qi_75_front_close_3_4.mp4
Fake,234,/home/hadleigh/deepfake_data/mod_clips/40_50/first/colman_75_60_close_2_3.mp4
Fake,235,/home/hadleigh/deepfake_data/mod_clips/40_50/first/qijia_75_60_far_1_3.mp4
Fake,236,/home/hadleigh/deepfake_data/mod_clips/40_50/first/lisa_75_60_close_2_4.mp4
Fake,237,/home/hadleigh/deepfake_data/mod_clips/40_50/first/qijia_75_front_far_3_5.mp4
Fake,238,/home/hadleigh/deepfake_data/mod_clips/40_50/first/colman_75_front_close_2_7.mp4
Fake,239,/home/hadleigh/deepfake_data/mod_clips/40_50/first/qijia_75_front_close_3_5.mp4
Fake,240,/home/hadleigh/deepfake_data/mod_clips/40_50/first/lisa_75_front_close_2_6.mp4
Fake,241,/home/hadleigh/deepfake_data/mod_clips/40_50/first/qi_75_front_close_2_5.mp4
Fake,242,/home/hadleigh/deepfake_data/mod_clips/40_50/first/charlie_50_45_far_2_4.mp4
Fake,243,/home/hadleigh/deepfake_data/mod_clips/40_50/first/clementine_75_60_close_2_0.mp4
Fake,244,/home/hadleigh/deepfake_data/mod_clips/40_50/first/xiaofeng_50_45_close_2_1.mp4
Fake,245,/home/hadleigh/deepfake_data/mod_clips/40_50/first/charlie_75_60_far_0_1.mp4
Fake,246,/home/hadleigh/deepfake_data/mod_clips/40_50/first/clementine_50_60_close_3_5.mp4
Fake,247,/home/hadleigh/deepfake_data/mod_clips/40_50/first/colman_75_45_far_0_3.mp4
Fake,248,/home/hadleigh/deepfake_data/mod_clips/40_50/first/charlie_50_front_far_1_2.mp4
Fake,249,/home/hadleigh/deepfake_data/mod_clips/40_50/first/colman_50_45_far_2_5.mp4
Fake,250,/home/hadleigh/deepfake_data/mod_clips/40_50/first/lisa_75_front_far_2_6.mp4
Fake,251,/home/hadleigh/deepfake_data/mod_clips/40_50/first/charlie_75_front_close_2_3.mp4
Fake,252,/home/hadleigh/deepfake_data/mod_clips/40_50/first/xiaofeng_50_45_far_3_0.mp4
Fake,253,/home/hadleigh/deepfake_data/mod_clips/40_50/first/hadleigh_75_front_close_2_6.mp4
Fake,254,/home/hadleigh/deepfake_data/mod_clips/40_50/first/xiaofeng_50_front_close_3_0.mp4
Fake,255,/home/hadleigh/deepfake_data/mod_clips/40_50/first/clementine_75_front_close_0_3.mp4
Fake,256,/home/hadleigh/deepfake_data/mod_clips/40_50/first/charlie_50_45_far_1_2.mp4
Fake,257,/home/hadleigh/deepfake_data/mod_clips/40_50/first/qijia_50_45_close_3_9.mp4
Fake,258,/home/hadleigh/deepfake_data/mod_clips/40_50/first/colman_75_front_close_1_1.mp4
Fake,259,/home/hadleigh/deepfake_data/mod_clips/40_50/first/qijia_75_60_close_2_0.mp4
Fake,260,/home/hadleigh/deepfake_data/mod_clips/40_50/first/charlie_75_front_far_0_1.mp4
Fake,261,/home/hadleigh/deepfake_data/mod_clips/40_50/first/lisa_75_45_far_1_0.mp4
Fake,262,/home/hadleigh/deepfake_data/mod_clips/40_50/first/qi_75_front_close_3_2.mp4
Fake,263,/home/hadleigh/deepfake_data/mod_clips/40_50/first/charlie_75_45_far_3_0.mp4
Fake,264,/home/hadleigh/deepfake_data/mod_clips/40_50/first/qi_50_45_far_1_1.mp4
Fake,265,/home/hadleigh/deepfake_data/mod_clips/40_50/first/qi_50_60_close_2_5.mp4
Fake,266,/home/hadleigh/deepfake_data/mod_clips/40_50/first/colman_75_60_close_2_4.mp4
Fake,267,/home/hadleigh/deepfake_data/mod_clips/40_50/first/qijia_75_60_far_3_0.mp4
Fake,268,/home/hadleigh/deepfake_data/mod_clips/40_50/first/clementine_75_45_close_2_1.mp4
Fake,269,/home/hadleigh/deepfake_data/mod_clips/40_50/first/colman_75_60_close_2_7.mp4
Fake,270,/home/hadleigh/deepfake_data/mod_clips/40_50/first/qijia_75_45_far_1_3.mp4
Fake,271,/home/hadleigh/deepfake_data/mod_clips/40_50/first/qi_50_60_far_1_0.mp4
Fake,272,/home/hadleigh/deepfake_data/mod_clips/40_50/first/colman_75_60_far_3_5.mp4
Fake,273,/home/hadleigh/deepfake_data/mod_clips/40_50/first/clementine_75_60_far_3_6.mp4
Fake,274,/home/hadleigh/deepfake_data/mod_clips/40_50/first/xiaofeng_50_front_close_2_1.mp4
Fake,275,/home/hadleigh/deepfake_data/mod_clips/40_50/first/clementine_75_60_close_3_7.mp4
Fake,276,/home/hadleigh/deepfake_data/mod_clips/40_50/first/xiaofeng_50_45_far_0_1.mp4
Fake,277,/home/hadleigh/deepfake_data/mod_clips/40_50/first/charlie_50_60_close_3_1.mp4
Fake,278,/home/hadleigh/deepfake_data/mod_clips/40_50/first/hadleigh_50_45_far_1_0.mp4
Fake,279,/home/hadleigh/deepfake_data/mod_clips/40_50/first/clementine_75_60_far_2_1.mp4
Fake,280,/home/hadleigh/deepfake_data/mod_clips/40_50/first/qi_50_front_close_1_1.mp4
Fake,281,/home/hadleigh/deepfake_data/mod_clips/40_50/first/xiaofeng_75_45_close_2_1.mp4
Fake,282,/home/hadleigh/deepfake_data/mod_clips/40_50/first/clementine_75_front_close_0_1.mp4
Fake,283,/home/hadleigh/deepfake_data/mod_clips/40_50/first/xiaofeng_50_front_close_1_2.mp4
Fake,284,/home/hadleigh/deepfake_data/mod_clips/40_50/first/xiaofeng_50_front_close_1_1.mp4
Fake,285,/home/hadleigh/deepfake_data/mod_clips/40_50/first/colman_75_front_far_3_3.mp4
Fake,286,/home/hadleigh/deepfake_data/mod_clips/40_50/first/qijia_75_45_far_1_0.mp4
Fake,287,/home/hadleigh/deepfake_data/mod_clips/40_50/first/qijia_75_60_far_3_4.mp4
Fake,288,/home/hadleigh/deepfake_data/mod_clips/40_50/first/charlie_75_45_far_3_3.mp4
Fake,289,/home/hadleigh/deepfake_data/mod_clips/40_50/first/charlie_75_45_close_0_1.mp4
Fake,290,/home/hadleigh/deepfake_data/mod_clips/40_50/first/clementine_75_45_far_1_3.mp4
Fake,291,/home/hadleigh/deepfake_data/mod_clips/40_50/first/xiaofeng_75_45_close_0_2.mp4
Fake,292,/home/hadleigh/deepfake_data/mod_clips/40_50/first/qijia_50_45_far_3_9.mp4
Fake,293,/home/hadleigh/deepfake_data/mod_clips/40_50/first/charlie_75_60_far_3_0.mp4
Fake,294,/home/hadleigh/deepfake_data/mod_clips/40_50/first/qi_75_60_far_2_5.mp4
Fake,295,/home/hadleigh/deepfake_data/mod_clips/40_50/first/charlie_50_60_close_1_2.mp4
Fake,296,/home/hadleigh/deepfake_data/mod_clips/40_50/first/xiaofeng_75_60_close_2_2.mp4
Fake,297,/home/hadleigh/deepfake_data/mod_clips/40_50/first/xiaofeng_50_45_far_2_1.mp4
Fake,298,/home/hadleigh/deepfake_data/mod_clips/40_50/first/xiaofeng_75_front_close_0_2.mp4
Fake,299,/home/hadleigh/deepfake_data/mod_clips/40_50/first/lisa_75_60_close_1_0.mp4
Fake,300,/home/hadleigh/deepfake_data/mod_clips/40_50/first/qijia_75_front_close_2_6.mp4
Fake,301,/home/hadleigh/deepfake_data/mod_clips/40_50/first/charlie_75_front_far_3_0.mp4
Fake,302,/home/hadleigh/deepfake_data/mod_clips/40_50/first/charlie_75_front_far_2_1.mp4
Fake,303,/home/hadleigh/deepfake_data/mod_clips/40_50/first/colman_75_45_far_3_1.mp4
Fake,304,/home/hadleigh/deepfake_data/mod_clips/40_50/first/colman_75_front_close_2_0.mp4
Fake,305,/home/hadleigh/deepfake_data/mod_clips/40_50/first/colman_75_45_far_2_3.mp4
Fake,306,/home/hadleigh/deepfake_data/mod_clips/40_50/first/clementine_75_45_far_2_1.mp4
Fake,307,/home/hadleigh/deepfake_data/mod_clips/40_50/first/colman_50_45_far_2_7.mp4
Fake,308,/home/hadleigh/deepfake_data/mod_clips/40_50/first/qi_50_45_close_3_5.mp4
Fake,309,/home/hadleigh/deepfake_data/mod_clips/40_50/first/qijia_75_front_far_1_3.mp4
Fake,310,/home/hadleigh/deepfake_data/mod_clips/40_50/first/clementine_75_front_close_1_3.mp4
Fake,311,/home/hadleigh/deepfake_data/mod_clips/40_50/first/qijia_75_front_close_1_2.mp4
Fake,312,/home/hadleigh/deepfake_data/mod_clips/40_50/first/xiaofeng_75_45_close_3_0.mp4
Fake,313,/home/hadleigh/deepfake_data/mod_clips/40_50/first/hadleigh_50_front_close_3_0.mp4
Fake,314,/home/hadleigh/deepfake_data/mod_clips/40_50/first/lisa_75_front_close_1_0.mp4
Fake,315,/home/hadleigh/deepfake_data/mod_clips/40_50/first/charlie_75_45_far_2_1.mp4
Fake,316,/home/hadleigh/deepfake_data/mod_clips/40_50/first/clementine_75_60_close_3_5.mp4
Fake,317,/home/hadleigh/deepfake_data/mod_clips/40_50/first/colman_75_front_close_3_0.mp4
Fake,318,/home/hadleigh/deepfake_data/mod_clips/40_50/first/colman_75_front_far_3_2.mp4
Fake,319,/home/hadleigh/deepfake_data/mod_clips/40_50/first/xiaofeng_50_60_close_2_1.mp4
Fake,320,/home/hadleigh/deepfake_data/mod_clips/40_50/first/charlie_75_45_close_3_4.mp4
Fake,321,/home/hadleigh/deepfake_data/mod_clips/40_50/first/qi_50_front_close_2_5.mp4
Fake,322,/home/hadleigh/deepfake_data/mod_clips/40_50/first/colman_75_45_close_1_3.mp4
Fake,323,/home/hadleigh/deepfake_data/mod_clips/40_50/first/qijia_75_60_far_1_1.mp4
Fake,324,/home/hadleigh/deepfake_data/mod_clips/40_50/first/qijia_75_60_close_3_0.mp4
Fake,325,/home/hadleigh/deepfake_data/mod_clips/40_50/first/xiaofeng_75_front_close_2_2.mp4
Fake,326,/home/hadleigh/deepfake_data/mod_clips/40_50/first/lisa_75_60_far_1_0.mp4
Fake,327,/home/hadleigh/deepfake_data/mod_clips/40_50/first/clementine_75_front_far_2_1.mp4
Fake,328,/home/hadleigh/deepfake_data/mod_clips/40_50/first/qijia_50_front_close_3_8.mp4
Fake,329,/home/hadleigh/deepfake_data/mod_clips/40_50/first/colman_50_60_close_2_5.mp4
Fake,330,/home/hadleigh/deepfake_data/mod_clips/40_50/first/clementine_75_front_far_3_6.mp4
Fake,331,/home/hadleigh/deepfake_data/mod_clips/40_50/first/qi_75_45_far_3_4.mp4
Fake,332,/home/hadleigh/deepfake_data/mod_clips/40_50/first/qijia_50_60_close_3_8.mp4
Fake,333,/home/hadleigh/deepfake_data/mod_clips/40_50/first/qijia_50_60_far_3_8.mp4
Fake,334,/home/hadleigh/deepfake_data/mod_clips/40_50/first/colman_75_45_close_2_3.mp4
Fake,335,/home/hadleigh/deepfake_data/mod_clips/40_50/first/colman_75_45_close_0_3.mp4
Fake,336,/home/hadleigh/deepfake_data/mod_clips/40_50/first/qi_50_front_close_1_0.mp4
Fake,337,/home/hadleigh/deepfake_data/mod_clips/40_50/first/charlie_75_45_far_2_5.mp4
Fake,338,/home/hadleigh/deepfake_data/mod_clips/40_50/first/hadleigh_50_60_far_1_0.mp4
Fake,339,/home/hadleigh/deepfake_data/mod_clips/40_50/first/qi_75_45_close_3_4.mp4
Fake,340,/home/hadleigh/deepfake_data/mod_clips/40_50/first/charlie_50_60_close_2_4.mp4
Fake,341,/home/hadleigh/deepfake_data/mod_clips/40_50/first/xiaofeng_75_60_far_2_1.mp4
Fake,342,/home/hadleigh/deepfake_data/mod_clips/40_50/first/qijia_75_front_close_3_0.mp4
Fake,343,/home/hadleigh/deepfake_data/mod_clips/40_50/first/xiaofeng_75_45_far_3_0.mp4
Fake,344,/home/hadleigh/deepfake_data/mod_clips/40_50/first/hadleigh_75_60_close_2_6.mp4
Fake,345,/home/hadleigh/deepfake_data/mod_clips/40_50/first/colman_75_45_far_3_2.mp4
Fake,346,/home/hadleigh/deepfake_data/mod_clips/40_50/first/xiaofeng_75_front_far_0_1.mp4
Fake,347,/home/hadleigh/deepfake_data/mod_clips/40_50/first/colman_50_45_close_2_7.mp4
Fake,348,/home/hadleigh/deepfake_data/mod_clips/40_50/first/xiaofeng_75_60_far_0_1.mp4
Fake,349,/home/hadleigh/deepfake_data/mod_clips/40_50/first/qi_50_front_far_1_0.mp4
Fake,350,/home/hadleigh/deepfake_data/mod_clips/40_50/first/colman_75_45_far_2_4.mp4
Fake,351,/home/hadleigh/deepfake_data/mod_clips/40_50/first/qijia_50_60_far_3_9.mp4
Fake,352,/home/hadleigh/deepfake_data/mod_clips/40_50/first/xiaofeng_75_front_far_2_2.mp4
Fake,353,/home/hadleigh/deepfake_data/mod_clips/40_50/first/lisa_75_45_close_2_6.mp4
Fake,354,/home/hadleigh/deepfake_data/mod_clips/40_50/first/colman_75_front_far_2_7.mp4
Fake,355,/home/hadleigh/deepfake_data/mod_clips/40_50/first/qijia_50_45_close_3_8.mp4
Fake,356,/home/hadleigh/deepfake_data/mod_clips/40_50/first/charlie_75_60_close_2_3.mp4
Fake,357,/home/hadleigh/deepfake_data/mod_clips/40_50/first/lisa_75_60_close_1_1.mp4
Fake,358,/home/hadleigh/deepfake_data/mod_clips/40_50/first/xiaofeng_75_45_close_3_3.mp4
Fake,359,/home/hadleigh/deepfake_data/mod_clips/40_50/first/qi_50_60_far_2_3.mp4
Fake,360,/home/hadleigh/deepfake_data/mod_clips/40_50/first/colman_75_front_close_1_2.mp4
Fake,361,/home/hadleigh/deepfake_data/mod_clips/40_50/first/xiaofeng_50_60_far_1_0.mp4
Fake,362,/home/hadleigh/deepfake_data/mod_clips/40_50/first/qi_50_45_far_1_0.mp4
Fake,363,/home/hadleigh/deepfake_data/mod_clips/40_50/first/charlie_50_45_close_1_2.mp4
Fake,364,/home/hadleigh/deepfake_data/mod_clips/40_50/first/qijia_75_front_far_2_6.mp4
Fake,365,/home/hadleigh/deepfake_data/mod_clips/40_50/first/colman_75_45_far_3_0.mp4
Fake,366,/home/hadleigh/deepfake_data/mod_clips/40_50/first/clementine_75_45_far_0_3.mp4
Fake,367,/home/hadleigh/deepfake_data/mod_clips/40_50/first/colman_75_front_far_2_3.mp4
Fake,368,/home/hadleigh/deepfake_data/mod_clips/40_50/first/clementine_75_front_close_3_6.mp4
Fake,369,/home/hadleigh/deepfake_data/mod_clips/40_50/first/colman_50_45_close_2_5.mp4
Fake,370,/home/hadleigh/deepfake_data/mod_clips/40_50/first/qijia_75_front_close_1_1.mp4
Fake,371,/home/hadleigh/deepfake_data/mod_clips/40_50/first/xiaofeng_50_45_far_2_5.mp4
Fake,372,/home/hadleigh/deepfake_data/mod_clips/40_50/first/colman_75_45_close_0_0.mp4
Fake,373,/home/hadleigh/deepfake_data/mod_clips/40_50/first/qijia_50_front_close_3_9.mp4
Fake,374,/home/hadleigh/deepfake_data/mod_clips/40_50/first/xiaofeng_50_60_far_1_1.mp4
Fake,375,/home/hadleigh/deepfake_data/mod_clips/40_50/first/xiaofeng_50_45_far_1_2.mp4
Fake,376,/home/hadleigh/deepfake_data/mod_clips/40_50/first/lisa_75_45_far_2_6.mp4
Fake,377,/home/hadleigh/deepfake_data/mod_clips/40_50/first/charlie_50_45_close_3_1.mp4
Fake,378,/home/hadleigh/deepfake_data/mod_clips/40_50/first/colman_75_45_far_0_0.mp4
Fake,379,/home/hadleigh/deepfake_data/mod_clips/40_50/first/qijia_75_front_far_3_0.mp4
Fake,380,/home/hadleigh/deepfake_data/mod_clips/40_50/first/qi_75_60_close_2_5.mp4
Fake,381,/home/hadleigh/deepfake_data/mod_clips/40_50/first/charlie_50_60_far_3_1.mp4
Fake,382,/home/hadleigh/deepfake_data/mod_clips/40_50/first/clementine_75_60_far_1_3.mp4
Fake,383,/home/hadleigh/deepfake_data/mod_clips/40_50/first/qijia_75_60_far_2_0.mp4
Fake,384,/home/hadleigh/deepfake_data/mod_clips/40_50/first/qi_75_front_far_3_2.mp4
Fake,385,/home/hadleigh/deepfake_data/mod_clips/40_50/first/charlie_75_front_close_3_3.mp4
Fake,386,/home/hadleigh/deepfake_data/mod_clips/40_50/first/colman_75_60_far_2_3.mp4
Fake,387,/home/hadleigh/deepfake_data/mod_clips/40_50/first/qijia_75_60_close_1_3.mp4
Fake,388,/home/hadleigh/deepfake_data/mod_clips/40_50/first/clementine_50_front_far_3_5.mp4
Fake,389,/home/hadleigh/deepfake_data/mod_clips/40_50/first/qijia_75_45_close_2_6.mp4
Fake,390,/home/hadleigh/deepfake_data/mod_clips/40_50/first/charlie_75_front_far_2_5.mp4
Fake,391,/home/hadleigh/deepfake_data/mod_clips/40_50/first/xiaofeng_75_front_far_3_3.mp4
Fake,392,/home/hadleigh/deepfake_data/mod_clips/40_50/first/qi_50_60_close_3_5.mp4
Fake,393,/home/hadleigh/deepfake_data/mod_clips/40_50/first/clementine_75_60_close_0_1.mp4
Fake,394,/home/hadleigh/deepfake_data/mod_clips/40_50/first/colman_75_60_far_2_4.mp4
Fake,395,/home/hadleigh/deepfake_data/mod_clips/40_50/first/qi_50_60_far_3_5.mp4
Fake,396,/home/hadleigh/deepfake_data/mod_clips/40_50/first/qi_50_front_far_3_5.mp4
Fake,397,/home/hadleigh/deepfake_data/mod_clips/40_50/first/qijia_75_45_far_1_1.mp4
Fake,398,/home/hadleigh/deepfake_data/mod_clips/40_50/first/charlie_75_front_far_3_4.mp4
Fake,399,/home/hadleigh/deepfake_data/mod_clips/40_50/first/xiaofeng_50_45_close_0_1.mp4
Fake,400,/home/hadleigh/deepfake_data/mod_clips/40_50/first/colman_75_60_close_1_1.mp4
Fake,401,/home/hadleigh/deepfake_data/mod_clips/40_50/first/qi_50_60_close_1_1.mp4
Fake,402,/home/hadleigh/deepfake_data/mod_clips/40_50/first/colman_75_front_close_3_3.mp4
Fake,403,/home/hadleigh/deepfake_data/mod_clips/40_50/first/xiaofeng_50_front_far_2_1.mp4
Fake,404,/home/hadleigh/deepfake_data/mod_clips/40_50/first/colman_75_front_far_2_0.mp4
Fake,405,/home/hadleigh/deepfake_data/mod_clips/40_50/first/colman_75_front_far_3_0.mp4
Fake,406,/home/hadleigh/deepfake_data/mod_clips/40_50/first/qijia_75_60_far_1_0.mp4
Fake,407,/home/hadleigh/deepfake_data/mod_clips/40_50/first/qi_75_60_close_1_2.mp4
Fake,408,/home/hadleigh/deepfake_data/mod_clips/40_50/first/qijia_75_45_close_2_0.mp4
Fake,409,/home/hadleigh/deepfake_data/mod_clips/40_50/first/qi_50_front_far_2_3.mp4
Fake,410,/home/hadleigh/deepfake_data/mod_clips/40_50/first/xiaofeng_75_60_far_2_6.mp4
Fake,411,/home/hadleigh/deepfake_data/mod_clips/40_50/first/xiaofeng_50_front_close_0_1.mp4
Fake,412,/home/hadleigh/deepfake_data/mod_clips/40_50/first/xiaofeng_50_60_far_0_1.mp4
Fake,413,/home/hadleigh/deepfake_data/mod_clips/40_50/first/qijia_75_front_far_2_0.mp4
Fake,414,/home/hadleigh/deepfake_data/mod_clips/40_50/first/clementine_50_60_far_3_5.mp4
Fake,415,/home/hadleigh/deepfake_data/mod_clips/40_50/first/xiaofeng_75_front_close_3_3.mp4
Fake,416,/home/hadleigh/deepfake_data/mod_clips/40_50/first/lisa_75_60_far_2_4.mp4
Fake,417,/home/hadleigh/deepfake_data/mod_clips/40_50/first/xiaofeng_75_front_close_2_6.mp4
Fake,418,/home/hadleigh/deepfake_data/mod_clips/40_50/first/qijia_75_front_close_3_9.mp4
Fake,419,/home/hadleigh/deepfake_data/mod_clips/40_50/first/lisa_50_60_close_0_1.mp4
Fake,420,/home/hadleigh/deepfake_data/mod_clips/40_50/first/clementine_75_front_far_0_1.mp4
Fake,421,/home/hadleigh/deepfake_data/mod_clips/40_50/first/xiaofeng_75_60_close_2_1.mp4
Fake,422,/home/hadleigh/deepfake_data/mod_clips/40_50/first/charlie_75_front_close_1_0.mp4
Fake,423,/home/hadleigh/deepfake_data/mod_clips/40_50/first/charlie_75_45_far_0_1.mp4
Fake,424,/home/hadleigh/deepfake_data/mod_clips/40_50/first/colman_75_60_far_3_2.mp4
Fake,425,/home/hadleigh/deepfake_data/mod_clips/40_50/first/qijia_75_front_far_3_4.mp4
Fake,426,/home/hadleigh/deepfake_data/mod_clips/40_50/first/charlie_75_60_far_1_0.mp4
Fake,427,/home/hadleigh/deepfake_data/mod_clips/40_50/first/qijia_75_front_far_1_2.mp4
Fake,428,/home/hadleigh/deepfake_data/mod_clips/40_50/first/qijia_75_45_close_1_3.mp4
Fake,429,/home/hadleigh/deepfake_data/mod_clips/40_50/first/colman_75_front_far_2_4.mp4
Fake,430,/home/hadleigh/deepfake_data/mod_clips/40_50/first/qijia_75_60_close_3_4.mp4
Fake,431,/home/hadleigh/deepfake_data/mod_clips/40_50/first/xiaofeng_50_60_far_2_5.mp4
Fake,432,/home/hadleigh/deepfake_data/mod_clips/40_50/first/colman_50_front_close_2_7.mp4
Fake,433,/home/hadleigh/deepfake_data/mod_clips/40_50/first/lisa_75_45_close_2_4.mp4
Fake,434,/home/hadleigh/deepfake_data/mod_clips/40_50/first/qijia_75_45_far_3_4.mp4
Fake,435,/home/hadleigh/deepfake_data/mod_clips/40_50/first/clementine_75_front_far_2_0.mp4
Fake,436,/home/hadleigh/deepfake_data/mod_clips/40_50/first/charlie_75_45_close_2_1.mp4
Fake,437,/home/hadleigh/deepfake_data/mod_clips/40_50/first/qijia_75_45_close_1_2.mp4
Fake,438,/home/hadleigh/deepfake_data/mod_clips/40_50/first/colman_75_front_close_2_3.mp4
Fake,439,/home/hadleigh/deepfake_data/mod_clips/40_50/first/qijia_75_45_far_2_6.mp4
Fake,440,/home/hadleigh/deepfake_data/mod_clips/40_50/first/charlie_75_60_close_0_1.mp4
Fake,441,/home/hadleigh/deepfake_data/mod_clips/40_50/first/colman_75_front_far_1_3.mp4
Fake,442,/home/hadleigh/deepfake_data/mod_clips/40_50/first/qi_50_front_close_2_3.mp4
Fake,443,/home/hadleigh/deepfake_data/mod_clips/40_50/first/colman_75_45_far_3_5.mp4
Fake,444,/home/hadleigh/deepfake_data/mod_clips/40_50/first/colman_75_45_close_3_1.mp4
Fake,445,/home/hadleigh/deepfake_data/mod_clips/40_50/first/charlie_75_45_close_2_3.mp4
Fake,446,/home/hadleigh/deepfake_data/mod_clips/40_50/first/colman_75_45_far_1_1.mp4
Fake,447,/home/hadleigh/deepfake_data/mod_clips/40_50/first/qijia_75_45_far_0_0.mp4
Fake,448,/home/hadleigh/deepfake_data/mod_clips/40_50/first/qijia_75_45_close_3_5.mp4
Fake,449,/home/hadleigh/deepfake_data/mod_clips/40_50/first/xiaofeng_50_front_far_1_0.mp4
Fake,450,/home/hadleigh/deepfake_data/mod_clips/40_50/first/xiaofeng_50_60_far_3_0.mp4
Fake,451,/home/hadleigh/deepfake_data/mod_clips/40_50/first/qijia_50_front_far_3_8.mp4
Fake,452,/home/hadleigh/deepfake_data/mod_clips/40_50/first/clementine_75_45_close_0_1.mp4
Fake,453,/home/hadleigh/deepfake_data/mod_clips/40_50/first/charlie_75_front_close_2_1.mp4
Fake,454,/home/hadleigh/deepfake_data/mod_clips/40_50/first/clementine_75_60_close_1_3.mp4
Fake,455,/home/hadleigh/deepfake_data/mod_clips/40_50/first/charlie_75_45_close_2_5.mp4
Fake,456,/home/hadleigh/deepfake_data/mod_clips/40_50/first/qi_75_front_far_2_5.mp4
Fake,457,/home/hadleigh/deepfake_data/mod_clips/40_50/first/colman_75_60_close_3_3.mp4
Fake,458,/home/hadleigh/deepfake_data/mod_clips/40_50/first/hadleigh_50_front_far_2_5.mp4
Fake,459,/home/hadleigh/deepfake_data/mod_clips/40_50/first/qi_75_front_far_3_4.mp4
Fake,460,/home/hadleigh/deepfake_data/mod_clips/40_50/first/lisa_50_45_far_0_1.mp4
Fake,461,/home/hadleigh/deepfake_data/mod_clips/40_50/first/xiaofeng_75_45_close_1_2.mp4
Fake,462,/home/hadleigh/deepfake_data/mod_clips/40_50/first/clementine_75_45_far_3_7.mp4
Fake,463,/home/hadleigh/deepfake_data/mod_clips/40_50/first/xiaofeng_75_45_far_2_2.mp4
Fake,464,/home/hadleigh/deepfake_data/mod_clips/40_50/first/colman_75_60_far_3_0.mp4
Fake,465,/home/hadleigh/deepfake_data/mod_clips/40_50/first/lisa_50_front_close_0_1.mp4
Fake,466,/home/hadleigh/deepfake_data/mod_clips/40_50/first/colman_75_45_far_1_3.mp4
Fake,467,/home/hadleigh/deepfake_data/mod_clips/40_50/first/qi_75_45_far_2_5.mp4
Fake,468,/home/hadleigh/deepfake_data/mod_clips/40_50/first/hadleigh_50_60_close_1_2.mp4
Fake,469,/home/hadleigh/deepfake_data/mod_clips/40_50/first/charlie_50_45_far_3_1.mp4
Fake,470,/home/hadleigh/deepfake_data/mod_clips/40_50/first/hadleigh_50_60_far_2_5.mp4
Fake,471,/home/hadleigh/deepfake_data/mod_clips/40_50/first/hadleigh_50_45_close_3_0.mp4
Fake,472,/home/hadleigh/deepfake_data/mod_clips/40_50/first/xiaofeng_75_60_far_2_2.mp4
Fake,473,/home/hadleigh/deepfake_data/mod_clips/40_50/first/xiaofeng_75_45_far_2_6.mp4
Fake,474,/home/hadleigh/deepfake_data/mod_clips/40_50/first/lisa_75_front_far_1_0.mp4
Fake,475,/home/hadleigh/deepfake_data/mod_clips/40_50/first/clementine_75_45_far_2_0.mp4
Fake,476,/home/hadleigh/deepfake_data/mod_clips/40_50/first/colman_50_60_far_2_5.mp4
Fake,477,/home/hadleigh/deepfake_data/mod_clips/40_50/first/qijia_75_45_far_3_0.mp4
Fake,478,/home/hadleigh/deepfake_data/mod_clips/40_50/first/colman_75_45_close_3_0.mp4
Fake,479,/home/hadleigh/deepfake_data/mod_clips/40_50/first/qi_75_60_far_3_4.mp4
Fake,480,/home/hadleigh/deepfake_data/mod_clips/40_50/first/xiaofeng_75_60_far_3_0.mp4
Fake,481,/home/hadleigh/deepfake_data/mod_clips/40_50/first/clementine_75_60_close_0_0.mp4
Fake,482,/home/hadleigh/deepfake_data/mod_clips/40_50/first/hadleigh_50_45_far_3_0.mp4
Fake,483,/home/hadleigh/deepfake_data/mod_clips/40_50/first/colman_75_front_close_3_2.mp4
Fake,484,/home/hadleigh/deepfake_data/mod_clips/40_50/first/colman_75_45_far_3_3.mp4
Fake,485,/home/hadleigh/deepfake_data/mod_clips/40_50/first/clementine_75_60_close_0_3.mp4
Fake,486,/home/hadleigh/deepfake_data/mod_clips/40_50/first/charlie_75_60_close_1_0.mp4
Fake,487,/home/hadleigh/deepfake_data/mod_clips/40_50/first/qi_50_60_far_1_1.mp4
Fake,488,/home/hadleigh/deepfake_data/mod_clips/40_50/first/colman_75_60_close_3_0.mp4
Fake,489,/home/hadleigh/deepfake_data/mod_clips/40_50/first/clementine_75_60_far_3_7.mp4
Fake,490,/home/hadleigh/deepfake_data/mod_clips/40_50/first/lisa_50_45_close_2_1.mp4
Fake,491,/home/hadleigh/deepfake_data/mod_clips/40_50/first/charlie_75_45_close_3_3.mp4
Fake,492,/home/hadleigh/deepfake_data/mod_clips/40_50/first/xiaofeng_50_front_far_2_5.mp4
Fake,493,/home/hadleigh/deepfake_data/mod_clips/40_50/first/charlie_50_45_close_2_4.mp4
Fake,494,/home/hadleigh/deepfake_data/mod_clips/40_50/first/lisa_75_front_close_1_1.mp4
Fake,495,/home/hadleigh/deepfake_data/mod_clips/40_50/first/colman_75_45_close_3_3.mp4
Fake,496,/home/hadleigh/deepfake_data/mod_clips/40_50/first/charlie_75_front_close_0_1.mp4
Fake,497,/home/hadleigh/deepfake_data/mod_clips/40_50/first/qi_50_45_close_2_5.mp4
Fake,498,/home/hadleigh/deepfake_data/mod_clips/40_50/first/colman_75_front_close_1_3.mp4
Fake,499,/home/hadleigh/deepfake_data/mod_clips/40_50/first/clementine_75_45_far_3_5.mp4
Fake,500,/home/hadleigh/deepfake_data/mod_clips/40_50/first/clementine_75_front_close_3_7.mp4
Fake,501,/home/hadleigh/deepfake_data/mod_clips/40_50/first/colman_75_60_far_3_3.mp4
Fake,502,/home/hadleigh/deepfake_data/mod_clips/40_50/first/clementine_75_60_far_2_0.mp4
Fake,503,/home/hadleigh/deepfake_data/mod_clips/40_50/first/xiaofeng_50_45_close_3_0.mp4
Fake,504,/home/hadleigh/deepfake_data/mod_clips/40_50/first/qijia_75_45_far_3_9.mp4
Fake,505,/home/hadleigh/deepfake_data/mod_clips/40_50/first/charlie_50_front_far_3_1.mp4
Fake,506,/home/hadleigh/deepfake_data/mod_clips/40_50/first/hadleigh_50_front_close_1_0.mp4
Fake,507,/home/hadleigh/deepfake_data/mod_clips/40_50/first/xiaofeng_50_60_close_3_0.mp4
Fake,508,/home/hadleigh/deepfake_data/mod_clips/40_50/first/clementine_75_45_close_3_6.mp4
Fake,509,/home/hadleigh/deepfake_data/mod_clips/40_50/first/colman_75_60_close_1_3.mp4
